/publish/forecast/ABJ.html,ABJ,北京市
/publish/forecast/ATJ.html,ATJ,天津市
/publish/forecast/AHE.html,AHE,河北省
/publish/forecast/ASX.html,ASX,山西省
/publish/forecast/ANM.html,ANM,内蒙古自治区
/publish/forecast/ALN.html,ALN,辽宁省
/publish/forecast/AJL.html,AJL,吉林省
/publish/forecast/AHL.html,AHL,黑龙江省
/publish/forecast/ASH.html,ASH,上海市
/publish/forecast/AJS.html,AJS,江苏省
/publish/forecast/AZJ.html,AZJ,浙江省
/publish/forecast/AAH.html,AAH,安徽省
/publish/forecast/AFJ.html,AFJ,福建省
/publish/forecast/AJX.html,AJX,江西省
/publish/forecast/ASD.html,ASD,山东省
/publish/forecast/AHA.html,AHA,河南省
/publish/forecast/AHB.html,AHB,湖北省
/publish/forecast/AHN.html,AHN,湖南省
/publish/forecast/AGD.html,AGD,广东省
/publish/forecast/AGX.html,AGX,广西壮族自治区
/publish/forecast/AHI.html,AHI,海南省
/publish/forecast/ACQ.html,ACQ,重庆市
/publish/forecast/ASC.html,ASC,四川省
/publish/forecast/AGZ.html,AGZ,贵州省
/publish/forecast/AYN.html,AYN,云南省
/publish/forecast/AXZ.html,AXZ,西藏自治区
/publish/forecast/ASN.html,ASN,陕西省
/publish/forecast/AGS.html,AGS,甘肃省
/publish/forecast/AQH.html,AQH,青海省
/publish/forecast/ANX.html,ANX,宁夏回族自治区
/publish/forecast/AXJ.html,AXJ,新疆维吾尔自治区
/publish/forecast/AXG.html,AXG,香港特别行政区
/publish/forecast/AAM.html,AAM,澳门特别行政区
/publish/forecast/ATW.html,ATW,台湾省
